Name,Email,Role,Status,Password,DateAdded
dskjfhwdfkhg,ad@hd.im,student,active,tdml4skc,2026-03-07
eurhfruh,ehrg@gmail.com,student,active,(hidden),2026-03-07
John Smith,john1@gmail.com,teacher,active,TEACH01,2026-03-12
Emma Johnson,emma2@gmail.com,teacher,active,TEACH02,2026-03-12
Michael Williams,michael3@gmail.com,teacher,active,TEACH03,2026-03-12
Olivia Brown,olivia4@gmail.com,teacher,active,TEACH04,2026-03-12
William Jones,william5@gmail.com,teacher,active,TEACH05,2026-03-12
Ava Garcia,ava6@gmail.com,teacher,active,TEACH06,2026-03-12
James Miller,james7@gmail.com,teacher,active,TEACH07,2026-03-12
Isabella Davis,isabella8@gmail.com,student,active,STUD008,2026-03-12
Oliver Rodriguez,oliver9@gmail.com,student,active,STUD009,2026-03-12
Sophia Martinez,sophia10@gmail.com,student,active,STUD010,2026-03-12
Benjamin Hernandez,benjamin11@gmail.com,student,active,STUD011,2026-03-12
Mia Lopez,mia12@gmail.com,student,active,STUD012,2026-03-12
Elijah Gonzalez,elijah13@gmail.com,student,active,STUD013,2026-03-12
Charlotte Wilson,charlotte14@gmail.com,student,active,STUD014,2026-03-12
Lucas Anderson,lucas15@gmail.com,student,active,STUD015,2026-03-12
Amelia Thomas,amelia16@gmail.com,student,active,STUD016,2026-03-12
Mason Taylor,mason17@gmail.com,student,active,STUD017,2026-03-12
Harper Moore,harper18@gmail.com,student,active,STUD018,2026-03-12
Logan Jackson,logan19@gmail.com,student,active,STUD019,2026-03-12
Evelyn Martin,evelyn20@gmail.com,student,active,STUD020,2026-03-12
Alexander Lee,alexander21@gmail.com,student,active,STUD021,2026-03-12
Abigail Perez,abigail22@gmail.com,student,active,STUD022,2026-03-12
Ethan Thompson,ethan23@gmail.com,student,active,STUD023,2026-03-12
Emily White,emily24@gmail.com,student,active,STUD024,2026-03-12
Jacob Harris,jacob25@gmail.com,student,active,STUD025,2026-03-12
Elizabeth Sanchez,elizabeth26@gmail.com,student,active,STUD026,2026-03-12
Daniel Clark,daniel27@gmail.com,student,active,STUD027,2026-03-12
Ella Ramirez,ella28@gmail.com,student,active,STUD028,2026-03-12
Henry Lewis,henry29@gmail.com,student,active,STUD029,2026-03-12
Avery Robinson,avery30@gmail.com,student,active,STUD030,2026-03-12
Jackson Walker,jackson31@gmail.com,student,active,STUD031,2026-03-12
Sofia Young,sofia32@gmail.com,student,active,STUD032,2026-03-12
Sebastian Allen,sebastian33@gmail.com,student,active,STUD033,2026-03-12
Camila King,camila34@gmail.com,student,active,STUD034,2026-03-12
Aiden Wright,aiden35@gmail.com,student,active,STUD035,2026-03-12
Aria Scott,aria36@gmail.com,student,active,STUD036,2026-03-12
Matthew Torres,matthew37@gmail.com,student,active,STUD037,2026-03-12
Scarlett Nguyen,scarlett38@gmail.com,student,active,STUD038,2026-03-12
Samuel Hill,samuel39@gmail.com,student,active,STUD039,2026-03-12
Victoria Flores,victoria40@gmail.com,student,active,STUD040,2026-03-12
David Green,david41@gmail.com,student,active,STUD041,2026-03-12
Madison Adams,madison42@gmail.com,student,active,STUD042,2026-03-12
Joseph Nelson,joseph43@gmail.com,student,active,STUD043,2026-03-12
Luna Baker,luna44@gmail.com,student,active,STUD044,2026-03-12
Carter Hall,carter45@gmail.com,student,active,STUD045,2026-03-12
Grace Rivera,grace46@gmail.com,student,active,STUD046,2026-03-12
Owen Campbell,owen47@gmail.com,student,active,STUD047,2026-03-12
Chloe Mitchell,chloe48@gmail.com,student,active,STUD048,2026-03-12
Wyatt Carter,wyatt49@gmail.com,student,active,STUD049,2026-03-12
Penelope Roberts,penelope50@gmail.com,student,active,STUD050,2026-03-12
Luke Gomez,luke51@gmail.com,student,active,STUD051,2026-03-12
Layla Phillips,layla52@gmail.com,student,active,STUD052,2026-03-12
Jack Evans,jack53@gmail.com,student,active,STUD053,2026-03-12
Riley Turner,riley54@gmail.com,student,active,STUD054,2026-03-12
Jayden Diaz,jayden55@gmail.com,student,active,STUD055,2026-03-12
Zoey Parker,zoey56@gmail.com,student,active,STUD056,2026-03-12
Dylan Cruz,dylan57@gmail.com,student,active,STUD057,2026-03-12
Nora Edwards,nora58@gmail.com,student,active,STUD058,2026-03-12
Grayson Collins,grayson59@gmail.com,student,active,STUD059,2026-03-12
Lily Reyes,lily60@gmail.com,student,active,STUD060,2026-03-12
Levi Stewart,levi61@gmail.com,student,active,STUD061,2026-03-12
Eleanor Morris,eleanor62@gmail.com,student,active,STUD062,2026-03-12
Isaac Morales,isaac63@gmail.com,student,active,STUD063,2026-03-12
Hannah Murphy,hannah64@gmail.com,student,active,STUD064,2026-03-12
Gabriel Cook,gabriel65@gmail.com,student,active,STUD065,2026-03-12
Lillian Rogers,lillian66@gmail.com,student,active,STUD066,2026-03-12
Julian Gutierrez,julian67@gmail.com,student,active,STUD067,2026-03-12
Addison Ortiz,addison68@gmail.com,student,active,STUD068,2026-03-12
Mateo Morgan,mateo69@gmail.com,student,active,STUD069,2026-03-12
Stella Cooper,stella70@gmail.com,student,active,STUD070,2026-03-12
Anthony Peterson,anthony71@gmail.com,student,active,STUD071,2026-03-12
Natalie Bailey,natalie72@gmail.com,student,active,STUD072,2026-03-12
Jaxon Reed,jaxon73@gmail.com,student,active,STUD073,2026-03-12
Zoe Kelly,zoe74@gmail.com,student,active,STUD074,2026-03-12
Lincoln Howard,lincoln75@gmail.com,student,active,STUD075,2026-03-12
Leah Ramos,leah76@gmail.com,student,active,STUD076,2026-03-12
Joshua Kim,joshua77@gmail.com,student,active,STUD077,2026-03-12
Hazel Cox,hazel78@gmail.com,student,active,STUD078,2026-03-12
Christopher Ward,christopher79@gmail.com,student,active,STUD079,2026-03-12
Violet Richardson,violet80@gmail.com,student,active,STUD080,2026-03-12
Andrew Watson,andrew81@gmail.com,student,active,STUD081,2026-03-12
Aurora Brooks,aurora82@gmail.com,student,active,STUD082,2026-03-12
Theodore Chavez,theodore83@gmail.com,student,active,STUD083,2026-03-12
Savannah Wood,savannah84@gmail.com,student,active,STUD084,2026-03-12
Caleb James,caleb85@gmail.com,student,active,STUD085,2026-03-12
Audrey Bennett,audrey86@gmail.com,student,active,STUD086,2026-03-12
Ryan Gray,ryan87@gmail.com,student,active,STUD087,2026-03-12
Brooklyn Mendoza,brooklyn88@gmail.com,student,active,STUD088,2026-03-12
Asher Ruiz,asher89@gmail.com,student,active,STUD089,2026-03-12
Bella Hughes,bella90@gmail.com,student,active,STUD090,2026-03-12
Nathan Price,nathan91@gmail.com,student,active,STUD091,2026-03-12
Claire Alvarez,claire92@gmail.com,student,active,STUD092,2026-03-12
Thomas Castillo,thomas93@gmail.com,student,active,STUD093,2026-03-12
Skylar Sanders,skylar94@gmail.com,student,active,STUD094,2026-03-12
Leo Patel,leo95@gmail.com,student,active,STUD095,2026-03-12
Lucy Myers,lucy96@gmail.com,student,active,STUD096,2026-03-12
Christian Long,christian97@gmail.com,student,active,STUD097,2026-03-12
Anna Ross,anna98@gmail.com,student,active,STUD098,2026-03-12
Aaron Foster,aaron99@gmail.com,student,active,STUD099,2026-03-12
Maya Jiminez,maya100@gmail.com,student,active,STUD100,2026-03-12
